id,address
0,0x0000ce08fa224696a819877070bf378e8b131acf
1,0x0002fd0f1d0708fdf065d3625b2ee83d210d58d9
2,0x000c9d05b64167cc59ad776c2032c736a4d6e8ee
3,0x000f4432a40560bbff1b581a8b7aded8dab80026
4,0x05ff2b0db69458a0750badebc4f9e13add608c7f
5,0x082903f4e94c5e10a2b116a4284940a36afaed63
6,0x2216d47494e516d8206b70fca8585820ed3c4946
7,0x264bc4ea2f45cf6331ad6c3ac8d7257cf487fcbc
8,0x31385d3520bced94f77aae104b406994d8f2168c
9,0x32e2d06788d1fd4fb4703f660560f49c28a4baa7
10,0x4fe650364f573802dceaa8fe2f1c4e355d29d53d
11,0x589de0f0ccf905477646599bb3e5c622c84cc0ba
12,0x76280af9d18a868a0af3dca95b57dde816c1aaf2
13,0x7a250d5630b4cf539739df2c5dacb4c659f2488d
14,0xa527a61703d82139f8a06bc30097cc9caa2df5a6
15,0xc098b2a3aa256d2140208c3de6543aaef5cd3a94
16,0xc9fbedc033a1c479a6ad451ffe463025e92a1d38
17,0xf90e6140764f54f8f87f4900c3eca8d7b7e402f0
